Title,Author,Genre,Description
To Kill a Mockingbird,Harper Lee,Classic,A novel about the serious issues of rape and racial inequality.
1984,George Orwell,Science Fiction,A dystopian novel set in a totalitarian society ruled by Big Brother.
Pride and Prejudice,Jane Austen,Romance,A romantic novel that also critiques the British landed gentry at the end of the 18th century.
The Hobbit,J.R.R. Tolkien,Fantasy,A fantasy novel about a hobbit’s quest to win a share of treasure guarded by a dragon.
Moby Dick,Herman Melville,Adventure,A sailor's narrative of the obsessive quest for Moby Dick, a giant white whale.
Harry Potter and the Philosopher's Stone,J.K. Rowling,Fantasy,The story of a young wizard's first year at Hogwarts School of Witchcraft and Wizardry.
The Great Gatsby,F. Scott Fitzgerald,Classic,A tragic love story set in the roaring twenties in America.
The Catcher in the Rye,J.D. Salinger,Classic,A story about teenage alienation and angst as narrated by Holden Caulfield.
Brave New World,Aldous Huxley,Science Fiction,A dystopian world where technology controls society and individuality is suppressed.
The Lord of the Rings,J.R.R. Tolkien,Fantasy,A fantasy epic about the battle to destroy a powerful ring.
The Alchemist,Paulo Coelho,Philosophical,A young shepherd's journey to discover his personal legend and true happiness.
The Da Vinci Code,Dan Brown,Thriller,A mystery thriller involving secret societies, codes, and religious conspiracies.
The Shining,Stephen King,Horror,A haunted hotel brings a man to insanity, endangering his family.
Jane Eyre,Charlotte Bronte,Classic,A young orphan's journey to find love, independence, and self-respect.
Fahrenheit 451,Ray Bradbury,Science Fiction,A future where books are banned and 'firemen' burn them.
The Hunger Games,Suzanne Collins,Young Adult,A dystopian future where children are forced to compete in a televised fight to the death.
Crime and Punishment,Fyodor Dostoevsky,Classic,A psychological exploration of guilt and redemption following a murder.
The Road,Cormac McCarthy,Post-Apocalyptic,A father and son's journey through a bleak, post-apocalyptic landscape.
Anna Karenina,Leo Tolstoy,Classic,A tragic love story about the consequences of societal pressures and infidelity.
Dracula,Bram Stoker,Horror,A vampire count seeks to spread his undead curse to new victims.
The Handmaid's Tale,Margaret Atwood,Dystopian,A woman lives under a totalitarian regime that controls women’s reproductive rights.
The Book Thief,Markus Zusak,Historical Fiction,A young girl steals books and shares them in Nazi Germany during World War II.
Gone Girl,Gillian Flynn,Mystery,A suspenseful thriller about a man suspected of his wife's disappearance.
Little Women,Louisa May Alcott,Classic,The coming-of-age story of the March sisters in post-Civil War America.
A Tale of Two Cities,Charles Dickens,Classic,A story of love and sacrifice set during the French Revolution.
Life of Pi,Yann Martel,Adventure,The story of a young boy stranded on a lifeboat with a Bengal tiger.
The Girl with the Dragon Tattoo,Stieg Larsson,Mystery,A journalist and hacker team up to uncover a family’s dark secrets.
The Kite Runner,Khaled Hosseini,Drama,The story of friendship, betrayal, and redemption in Afghanistan.
Frankenstein,Mary Shelley,Horror,A scientist creates a monster, leading to tragic consequences.
Sapiens: A Brief History of Humankind,Yuval Noah Harari,Non-Fiction,A journey through the history of humankind, from prehistoric times to modern day.
Dune,Frank Herbert,Science Fiction,A young nobleman becomes embroiled in politics and survival on a desert planet.
Beloved,Toni Morrison,Historical Fiction,A haunting story about slavery and its lingering impact on an African American family.
The Picture of Dorian Gray,Oscar Wilde,Classic,A young man sells his soul to remain eternally youthful.
Ender's Game,Orson Scott Card,Science Fiction,A young boy is trained to defend Earth from alien invaders.
The Color Purple,Alice Walker,Classic,A story of struggle and resilience among African American women in the South.
The Secret Garden,Frances Hodgson Burnett,Children,A young orphan discovers a hidden, magical garden.
Rebecca,Daphne du Maurier,Mystery,A young bride is haunted by the memory of her husband's first wife.
The Fault in Our Stars,John Green,Young Adult,The story of two teenagers who fall in love while battling terminal illness.
A Game of Thrones,George R.R. Martin,Fantasy,Nobles vie for control of the Iron Throne in a complex medieval fantasy world.
The Outsiders,S.E. Hinton,Young Adult,A story about the struggles of two teenage gangs divided by class.
The Count of Monte Cristo,Alexandre Dumas,Adventure,A man seeks revenge against those who betrayed him.
Alice's Adventures in Wonderland,Lewis Carroll,Children,A young girl falls down a rabbit hole into a whimsical world.
The Divine Comedy,Dante Alighieri,Classic,A journey through Hell, Purgatory, and Heaven in a quest for salvation.
The Odyssey,Homer,Classic,An epic tale of Odysseus’s journey home after the Trojan War.
The Call of the Wild,Jack London,Adventure,A domesticated dog finds his instincts and place in the wild.
The Stand,Stephen King,Horror,The battle between good and evil in a post-apocalyptic world.
The Art of War,Sun Tzu,Non-Fiction,Ancient Chinese military strategy and philosophy.
Good Omens,Neil Gaiman & Terry Pratchett,Fantasy,A humorous tale of an angel and demon teaming up to prevent the apocalypse.
The Wind-Up Bird Chronicle,Haruki Murakami,Magical Realism,A man’s search for his wife reveals strange, surreal mysteries.
Watchmen,Alan Moore,Graphic Novel,A gritty story that deconstructs the concept of superheroes.
A Brief History of Time,Stephen Hawking,Non-Fiction,An accessible explanation of the universe's biggest mysteries.
The Bell Jar,Sylvia Plath,Classic,A young woman's struggle with mental illness and identity.
Norwegian Wood,Haruki Murakami,Drama,A poignant love story set in 1960s Japan.
Shogun,James Clavell,Historical Fiction,A British sailor’s journey into feudal Japan.
